ITEM_ID,CREATION_TIMESTAMP,TITLE
1,1596502543,오픈했어요 매직컬 마카롱
2,1592356793,페어리링
3,1565932210,나의 연애 D-day
4,1565931151,나는 슬기
5,1565931279,고냥 일기
6,1583215147,결혼교과시간
7,1565932487,사랑을 너에게
8,1591167401,너의 행성 B126으로
9,1596174780,가가바이러스
10,1565932311,Return
11,1594259547,윌슨가의 비밀
12,1565932381,좋은 남편
13,1595826338,My Killer
14,1572506127,"어느 날, 문득"
15,1596676612,가슴으로 들어요
16,1565931012,환상여행
17,1581415180,이웃집 남녀 in 교토
18,1591062026,오목왕
19,1585544839,"안녕 이바, 안녕 나의 고양이"
20,1565931513,오버사이즈 러브
21,1586420909,보다
22,1596503100,논스톱 서브웨이
23,1589324292,오늘을 살아본 게 아니잖아
24,1585735155,별이 내린 여름날
25,1596502313,하루의 끝을 당신과
26,1580799734,요괴 뚝딱 한끼 뚝딱
27,1589848359,뿌리네 이야기
28,1565931645,개구리공주
29,1596174471,섬의 봄
30,1575529855,화초 죽이기
31,1596502687,유진의 환상특급열차 vol.1
32,1596175162,낭만도시
33,1596174213,꿈의 반려
34,1584594563,만화경 편집부는 9층입니다
35,1565932588,그림을 그리는 일
36,1582594323,꼬꼬댁 대소동
37,1565931728,나사들의 이야기
38,1565932023,안녕안녕해
39,1565932124,곁에
40,1594798587,종이비행기를 날리면
41,1577756415,직장인 감자
42,1597107090,매일 한 칸씩
43,1588132698,별일 없이 산다
44,1567572438,Winter Game
45,1588587750,그리고 또
46,1592899987,회사원 채대리
47,1584434163,매화꽃이 피었나이다
48,1596174617,다름이 아니라
49,1577762836,눈맞춤
50,1595481810,조선롹스타
51,1586231917,동네 한 바퀴
52,1565930890,홈리스 탐정
53,1596097835,"그때, 우리가 있었던 계절"
54,1569996164,은퇴 요리사
